name	start	end	subject
High Fat Diet	14	28	1
High Fat Diet	14	28	2
High Fat Diet	14	28	3
High Fat Diet	14	28	4
High Fat Diet	14	28	5
High Fat Diet	14	28	6
High Fat Diet	14	28	7
High Fat Diet	1	14	8
High Fat Diet	1	14	9
High Fat Diet	1	14	10
High Fat Diet	1	14	11
High Fat Diet	1	14	12
High Fat Diet	1	14	13
High Fat Diet	1	14	14
High Fat Diet	1	14	15
High Fat Diet	28	42	8
High Fat Diet	28	42	9
High Fat Diet	28	42	10
High Fat Diet	28	42	11
High Fat Diet	28	42	12
High Fat Diet	28	42	13
High Fat Diet	28	42	14
High Fat Diet	28	42	15